[
  {
    "model": "polls.tag",
    "pk": 1,
    "fields": {
      "title": "anime",
      "description": null
    }
  },
  {
    "model": "polls.tag",
    "pk": 2,
    "fields": {
      "title": "bollywood",
      "description": null
    }
  },
  {
    "model": "polls.tag",
    "pk": 3,
    "fields": {
      "title": "art",
      "description": null
    }
  },
  {
    "model": "polls.tag",
    "pk": 4,
    "fields": {
      "title": "books",
      "description": null
    }
  },
  {
    "model": "polls.tag",
    "pk": 5,
    "fields": {
      "title": "comics",
      "description": null
    }
  },
  {
    "model": "polls.tag",
    "pk": 6,
    "fields": {
      "title": "dating",
      "description": null
    }
  },
  {
    "model": "polls.tag",
    "pk": 7,
    "fields": {
      "title": "relationship",
      "description": null
    }
  },
  {
    "model": "polls.tag",
    "pk": 8,
    "fields": {
      "title": "pride",
      "description": null
    }
  },
  {
    "model": "polls.tag",
    "pk": 9,
    "fields": {
      "title": "indian",
      "description": null
    }
  },
  {
    "model": "polls.tag",
    "pk": 10,
    "fields": {
      "title": "festival",
      "description": null
    }
  },
  {
    "model": "polls.tag",
    "pk": 12,
    "fields": {
      "title": "gaming",
      "description": null
    }
  },
  {
    "model": "polls.tag",
    "pk": 13,
    "fields": {
      "title": "finance",
      "description": null
    }
  },
  {
    "model": "polls.tag",
    "pk": 14,
    "fields": {
      "title": "money",
      "description": null
    }
  },
  {
    "model": "polls.tag",
    "pk": 15,
    "fields": {
      "title": "holiday",
      "description": null
    }
  },
  {
    "model": "polls.tag",
    "pk": 16,
    "fields": {
      "title": "news",
      "description": null
    }
  },
  {
    "model": "polls.tag",
    "pk": 17,
    "fields": {
      "title": "nature",
      "description": null
    }
  },
  {
    "model": "polls.tag",
    "pk": 18,
    "fields": {
      "title": "religion",
      "description": null
    }
  },
  {
    "model": "polls.tag",
    "pk": 19,
    "fields": {
      "title": "sports",
      "description": null
    }
  },
  {
    "model": "polls.tag",
    "pk": 20,
    "fields": {
      "title": "shopping",
      "description": null
    }
  },
  {
    "model": "polls.tag",
    "pk": 21,
    "fields": {
      "title": "travel",
      "description": null
    }
  },
  {
    "model": "polls.tag",
    "pk": 22,
    "fields": {
      "title": "technology",
      "description": null
    }
  },
  {
    "model": "polls.tag",
    "pk": 23,
    "fields": {
      "title": "school",
      "description": null
    }
  },
  {
    "model": "polls.tag",
    "pk": 24,
    "fields": {
      "title": "college",
      "description": null
    }
  },
  {
    "model": "polls.tag",
    "pk": 25,
    "fields": {
      "title": "miscellaneous",
      "description": null
    }
  },
  {
    "model": "polls.question",
    "pk": 1,
    "fields": {
      "created": "2024-07-26T08:44:05.095Z",
      "modified": "2024-07-26T08:44:05.095Z",
      "title": "What's New?",
      "description": "",
      "total_votes": 0,
      "image": "",
      "tag": 25
    }
  },
  {
    "model": "polls.question",
    "pk": 2,
    "fields": {
      "created": "2024-07-26T12:43:32Z",
      "modified": "2024-07-26T08:44:05.095Z",
      "title": "What is your favorite genre of music?",
      "description": "",
      "total_votes": 0,
      "image": "",
      "tag": 25
    }
  },
  {
    "model": "polls.question",
    "pk": 3,
    "fields": {
      "created": "2024-07-26T12:44:28Z",
      "modified": "2024-07-26T08:44:05.095Z",
      "title": "Can you play any instruments?",
      "description": "",
      "total_votes": 7,
      "image": "",
      "tag": 25
    }
  },
  {
    "model": "polls.question",
    "pk": 4,
    "fields": {
      "created": "2024-07-26T12:45:28Z",
      "modified": "2024-07-26T08:44:05.095Z",
      "title": "What is your favorite color?",
      "description": "",
      "total_votes": 0,
      "image": "",
      "tag": 25
    }
  },
  {
    "model": "polls.question",
    "pk": 5,
    "fields": {
      "created": "2024-07-26T12:46:22Z",
      "modified": "2024-07-26T08:44:05.095Z",
      "title": "What is your favorite cartoon?",
      "description": "",
      "total_votes": 11,
      "image": "",
      "tag": 25
    }
  },
  {
    "model": "polls.question",
    "pk": 6,
    "fields": {
      "created": "2024-07-26T12:48:31Z",
      "modified": "2024-07-26T08:44:05.095Z",
      "title": "What is your favorite dessert?",
      "description": "",
      "total_votes": 6,
      "image": "",
      "tag": 25
    }
  },
  {
    "model": "polls.question",
    "pk": 7,
    "fields": {
      "created": "2024-07-26T12:49:30Z",
      "modified": "2024-07-26T08:44:05.095Z",
      "title": "Do you prefer Zoom meetings or Slack messages?",
      "description": "",
      "total_votes": 1,
      "image": "",
      "tag": 25
    }
  },
  {
    "model": "polls.question",
    "pk": 8,
    "fields": {
      "created": "2024-07-26T12:50:31Z",
      "modified": "2024-07-26T08:44:05.095Z",
      "title": "Who is you Favourite Superhero?",
      "description": "",
      "total_votes": 0,
      "image": "",
      "tag": 25
    }
  },
  {
    "model": "polls.question",
    "pk": 9,
    "fields": {
      "created": "2024-07-26T12:52:47Z",
      "modified": "2024-07-26T08:44:05.095Z",
      "title": "DC or Marvel ?",
      "description": "",
      "total_votes": 11,
      "image": "",
      "tag": 25
    }
  },
  {
    "model": "polls.question",
    "pk": 10,
    "fields": {
      "created": "2024-07-26T12:53:11Z",
      "modified": "2024-07-26T08:44:05.095Z",
      "title": "Iron Man or Batman ?",
      "description": "",
      "total_votes": 0,
      "image": "",
      "tag": 25
    }
  },
  {
    "model": "polls.question",
    "pk": 11,
    "fields": {
      "created": "2024-07-26T12:53:37Z",
      "modified": "2024-07-26T08:44:05.095Z",
      "title": "Better Villan ?",
      "description": "",
      "total_votes": 0,
      "image": "",
      "tag": 25
    }
  },
  {
    "model": "polls.question",
    "pk": 12,
    "fields": {
      "created": "2024-07-26T12:54:31Z",
      "modified": "2024-07-26T08:44:05.095Z",
      "title": "Lets Talk About Music ?",
      "description": "",
      "total_votes": 0,
      "image": "",
      "tag": 25
    }
  },
  {
    "model": "polls.question",
    "pk": 13,
    "fields": {
      "created": "2024-07-26T12:56:00Z",
      "modified": "2024-07-26T08:44:05.095Z",
      "title": "Ronaldo or Messi ?",
      "description": "",
      "total_votes": 0,
      "image": "",
      "tag": 25
    }
  },
  {
    "model": "polls.question",
    "pk": 14,
    "fields": {
      "created": "2024-07-26T12:57:07Z",
      "modified": "2024-07-26T08:44:05.095Z",
      "title": "Gaming Huh ?",
      "description": "",
      "total_votes": 0,
      "image": "",
      "tag": 25
    }
  },
  {
    "model": "polls.question",
    "pk": 15,
    "fields": {
      "created": "2024-07-26T12:57:43Z",
      "modified": "2024-07-26T08:44:05.095Z",
      "title": "Multiplyer or Storyline ?",
      "description": "",
      "total_votes": 0,
      "image": "",
      "tag": 25
    }
  },
  {
    "model": "polls.question",
    "pk": 16,
    "fields": {
      "created": "2024-07-29T04:18:43Z",
      "modified": "2024-07-26T08:44:05.095Z",
      "title": "What are Your Subjects in Higher Classes ?",
      "description": "",
      "total_votes": 5,
      "image": "",
      "tag": 25
    }
  },
  {
    "model": "polls.question",
    "pk": 17,
    "fields": {
      "created": "2024-07-30T12:55:41.568Z",
      "modified": "2024-08-05T06:58:29.305Z",
      "title": "Cat or Dog ?",
      "description": "",
      "total_votes": 78,
      "image": "Question_Images/cat_dog_kI8hrHX.png",
      "tag": 4
    }
  },
  {
    "model": "polls.question",
    "pk": 18,
    "fields": {
      "created": "2024-07-30T12:56:23.958Z",
      "modified": "2024-07-31T13:06:33.471Z",
      "title": "Favourite Desset ?",
      "description": "",
      "total_votes": 28,
      "image": "Question_Images/dessets_Pd4wxL9.png",
      "tag": 25
    }
  },
  {
    "model": "polls.question",
    "pk": 19,
    "fields": {
      "created": "2024-07-30T12:57:21.939Z",
      "modified": "2024-07-31T13:06:29.193Z",
      "title": "Restaurent or Street Food ?",
      "description": "",
      "total_votes": 0,
      "image": "Question_Images/street-food_lqQIeat.jpg",
      "tag": 25
    }
  },
  {
    "model": "polls.question",
    "pk": 20,
    "fields": {
      "created": "2024-07-30T12:57:59.949Z",
      "modified": "2024-08-02T07:21:35.598Z",
      "title": "Batman or Iron Man ?",
      "description": "",
      "total_votes": 8,
      "image": "",
      "tag": 2
    }
  },
  {
    "model": "polls.question",
    "pk": 21,
    "fields": {
      "created": "2024-08-01T08:24:47.749Z",
      "modified": "2024-08-01T08:24:47.749Z",
      "title": "Hello",
      "description": null,
      "total_votes": 33,
      "image": "",
      "tag": 25
    }
  },
  {
    "model": "polls.question",
    "pk": 23,
    "fields": {
      "created": "2024-08-01T08:28:58.953Z",
      "modified": "2024-08-01T08:28:58.953Z",
      "title": "Film Industry ?",
      "description": null,
      "total_votes": 14,
      "image": "Question_Images/Hollywood_Sign__28Zuschnitt_29.png",
      "tag": 25
    }
  },
  {
    "model": "polls.question",
    "pk": 24,
    "fields": {
      "created": "2024-08-01T13:27:58.132Z",
      "modified": "2024-08-01T13:27:58.132Z",
      "title": "How u Doin",
      "description": null,
      "total_votes": 8,
      "image": "",
      "tag": 25
    }
  },
  {
    "model": "polls.question",
    "pk": 25,
    "fields": {
      "created": "2024-08-01T13:31:32.601Z",
      "modified": "2024-08-02T06:45:04.249Z",
      "title": "Hello Kaise Ho ?",
      "description": "",
      "total_votes": 57,
      "image": "",
      "tag": 25
    }
  },
  {
    "model": "polls.question",
    "pk": 26,
    "fields": {
      "created": "2024-08-02T08:18:29.790Z",
      "modified": "2024-08-02T08:18:29.790Z",
      "title": "Which Anime Do you Like ?",
      "description": null,
      "total_votes": 6,
      "image": "Question_Images/luffy-from-one-piece-goku-from-dragon-ball-z-and-saitama-from-one-punch-man.png",
      "tag": 1
    }
  },
  {
    "model": "polls.question",
    "pk": 27,
    "fields": {
      "created": "2024-08-02T12:23:20.078Z",
      "modified": "2024-08-02T12:23:20.078Z",
      "title": "Desserts You Preffer",
      "description": null,
      "total_votes": 15,
      "image": "Question_Images/dessets_RyZ3Ox7.png",
      "tag": 9
    }
  },
  {
    "model": "polls.choice",
    "pk": 1,
    "fields": {
      "created": "2024-08-02T05:35:22.535Z",
      "modified": "2024-08-02T05:35:22.550Z",
      "title": "Not Much",
      "description": "",
      "question": 1,
      "votes": 0
    }
  },
  {
    "model": "polls.choice",
    "pk": 2,
    "fields": {
      "created": "2024-08-02T05:35:22.535Z",
      "modified": "2024-08-02T05:35:22.550Z",
      "title": "The Sky",
      "description": "",
      "question": 1,
      "votes": 0
    }
  },
  {
    "model": "polls.choice",
    "pk": 3,
    "fields": {
      "created": "2024-08-02T05:35:22.535Z",
      "modified": "2024-08-02T05:35:22.550Z",
      "title": "Just hacking Again",
      "description": "",
      "question": 1,
      "votes": 0
    }
  },
  {
    "model": "polls.choice",
    "pk": 4,
    "fields": {
      "created": "2024-08-02T05:35:22.535Z",
      "modified": "2024-08-02T05:35:22.550Z",
      "title": "Dracarys",
      "description": "",
      "question": 1,
      "votes": 0
    }
  },
  {
    "model": "polls.choice",
    "pk": 5,
    "fields": {
      "created": "2024-08-02T05:35:22.535Z",
      "modified": "2024-08-02T05:35:22.550Z",
      "title": "Guitar",
      "description": "",
      "question": 2,
      "votes": 0
    }
  },
  {
    "model": "polls.choice",
    "pk": 6,
    "fields": {
      "created": "2024-08-02T05:35:22.535Z",
      "modified": "2024-08-02T05:35:22.550Z",
      "title": "Voilin",
      "description": "",
      "question": 2,
      "votes": 0
    }
  },
  {
    "model": "polls.choice",
    "pk": 7,
    "fields": {
      "created": "2024-08-02T05:35:22.535Z",
      "modified": "2024-08-02T05:35:22.550Z",
      "title": "Piano",
      "description": "",
      "question": 2,
      "votes": 0
    }
  },
  {
    "model": "polls.choice",
    "pk": 8,
    "fields": {
      "created": "2024-08-02T05:35:22.535Z",
      "modified": "2024-08-02T05:35:22.550Z",
      "title": "Fluite",
      "description": "",
      "question": 2,
      "votes": 0
    }
  },
  {
    "model": "polls.choice",
    "pk": 9,
    "fields": {
      "created": "2024-08-02T05:35:22.535Z",
      "modified": "2024-08-02T05:35:22.550Z",
      "title": "May be?",
      "description": "",
      "question": 3,
      "votes": 2
    }
  },
  {
    "model": "polls.choice",
    "pk": 10,
    "fields": {
      "created": "2024-08-02T05:35:22.535Z",
      "modified": "2024-08-02T05:35:22.550Z",
      "title": "Offcourse!",
      "description": "",
      "question": 3,
      "votes": 3
    }
  },
  {
    "model": "polls.choice",
    "pk": 11,
    "fields": {
      "created": "2024-08-02T05:35:22.535Z",
      "modified": "2024-08-02T05:35:22.550Z",
      "title": "You Kidding! No !",
      "description": "",
      "question": 3,
      "votes": 2
    }
  },
  {
    "model": "polls.choice",
    "pk": 12,
    "fields": {
      "created": "2024-08-02T05:35:22.535Z",
      "modified": "2024-08-02T05:35:22.550Z",
      "title": "pink",
      "description": "",
      "question": 4,
      "votes": 0
    }
  },
  {
    "model": "polls.choice",
    "pk": 13,
    "fields": {
      "created": "2024-08-02T05:35:22.535Z",
      "modified": "2024-08-02T05:35:22.550Z",
      "title": "red",
      "description": "",
      "question": 4,
      "votes": 0
    }
  },
  {
    "model": "polls.choice",
    "pk": 14,
    "fields": {
      "created": "2024-08-02T05:35:22.535Z",
      "modified": "2024-08-02T05:35:22.550Z",
      "title": "black",
      "description": "",
      "question": 4,
      "votes": 0
    }
  },
  {
    "model": "polls.choice",
    "pk": 15,
    "fields": {
      "created": "2024-08-02T05:35:22.535Z",
      "modified": "2024-08-02T05:35:22.550Z",
      "title": "white",
      "description": "",
      "question": 4,
      "votes": 0
    }
  },
  {
    "model": "polls.choice",
    "pk": 16,
    "fields": {
      "created": "2024-08-02T05:35:22.535Z",
      "modified": "2024-08-02T05:35:22.550Z",
      "title": "blue",
      "description": "",
      "question": 4,
      "votes": 0
    }
  },
  {
    "model": "polls.choice",
    "pk": 17,
    "fields": {
      "created": "2024-08-02T05:35:22.535Z",
      "modified": "2024-08-02T05:35:22.550Z",
      "title": "Doremon",
      "description": "",
      "question": 5,
      "votes": 1
    }
  },
  {
    "model": "polls.choice",
    "pk": 18,
    "fields": {
      "created": "2024-08-02T05:35:22.535Z",
      "modified": "2024-08-02T05:35:22.550Z",
      "title": "Kitretsu",
      "description": "",
      "question": 5,
      "votes": 1
    }
  },
  {
    "model": "polls.choice",
    "pk": 19,
    "fields": {
      "created": "2024-08-02T05:35:22.535Z",
      "modified": "2024-08-02T05:35:22.550Z",
      "title": "Shinchan",
      "description": "",
      "question": 5,
      "votes": 1
    }
  },
  {
    "model": "polls.choice",
    "pk": 20,
    "fields": {
      "created": "2024-08-02T05:35:22.535Z",
      "modified": "2024-08-02T05:35:22.550Z",
      "title": "Choota Bheem",
      "description": "",
      "question": 5,
      "votes": 1
    }
  },
  {
    "model": "polls.choice",
    "pk": 21,
    "fields": {
      "created": "2024-08-02T05:35:22.535Z",
      "modified": "2024-08-02T05:35:22.550Z",
      "title": "Tom and Jerry",
      "description": "",
      "question": 5,
      "votes": 2
    }
  },
  {
    "model": "polls.choice",
    "pk": 22,
    "fields": {
      "created": "2024-08-02T05:35:22.535Z",
      "modified": "2024-08-02T05:35:22.550Z",
      "title": "Courage Cowardly Dog",
      "description": "",
      "question": 5,
      "votes": 1
    }
  },
  {
    "model": "polls.choice",
    "pk": 23,
    "fields": {
      "created": "2024-08-02T05:35:22.535Z",
      "modified": "2024-08-02T05:35:22.550Z",
      "title": "Ninja Hattori",
      "description": "",
      "question": 5,
      "votes": 1
    }
  },
  {
    "model": "polls.choice",
    "pk": 24,
    "fields": {
      "created": "2024-08-02T05:35:22.535Z",
      "modified": "2024-08-02T05:35:22.550Z",
      "title": "Hatim",
      "description": "",
      "question": 5,
      "votes": 1
    }
  },
  {
    "model": "polls.choice",
    "pk": 25,
    "fields": {
      "created": "2024-08-02T05:35:22.535Z",
      "modified": "2024-08-02T05:35:22.550Z",
      "title": "Shakalaka Boom Boom",
      "description": "",
      "question": 5,
      "votes": 1
    }
  },
  {
    "model": "polls.choice",
    "pk": 26,
    "fields": {
      "created": "2024-08-02T05:35:22.535Z",
      "modified": "2024-08-02T05:35:22.550Z",
      "title": "None of the Above",
      "description": "",
      "question": 5,
      "votes": 1
    }
  },
  {
    "model": "polls.choice",
    "pk": 27,
    "fields": {
      "created": "2024-08-02T05:35:22.535Z",
      "modified": "2024-08-02T05:35:22.550Z",
      "title": "Icecream",
      "description": "",
      "question": 6,
      "votes": 1
    }
  },
  {
    "model": "polls.choice",
    "pk": 28,
    "fields": {
      "created": "2024-08-02T05:35:22.535Z",
      "modified": "2024-08-02T05:35:22.550Z",
      "title": "Waffle",
      "description": "",
      "question": 6,
      "votes": 2
    }
  },
  {
    "model": "polls.choice",
    "pk": 29,
    "fields": {
      "created": "2024-08-02T05:35:22.535Z",
      "modified": "2024-08-02T05:35:22.550Z",
      "title": "Cakes",
      "description": "",
      "question": 6,
      "votes": 1
    }
  },
  {
    "model": "polls.choice",
    "pk": 30,
    "fields": {
      "created": "2024-08-02T05:35:22.535Z",
      "modified": "2024-08-02T05:35:22.550Z",
      "title": "Chocolates",
      "description": "",
      "question": 6,
      "votes": 2
    }
  },
  {
    "model": "polls.choice",
    "pk": 31,
    "fields": {
      "created": "2024-08-02T05:35:22.535Z",
      "modified": "2024-08-02T05:35:22.550Z",
      "title": "Zoom",
      "description": "",
      "question": 7,
      "votes": 0
    }
  },
  {
    "model": "polls.choice",
    "pk": 32,
    "fields": {
      "created": "2024-08-02T05:35:22.535Z",
      "modified": "2024-08-02T05:35:22.550Z",
      "title": "Slack",
      "description": "",
      "question": 7,
      "votes": 0
    }
  },
  {
    "model": "polls.choice",
    "pk": 33,
    "fields": {
      "created": "2024-08-02T05:35:22.535Z",
      "modified": "2024-08-02T05:35:22.550Z",
      "title": "Whatsapp :-))",
      "description": "",
      "question": 7,
      "votes": 1
    }
  },
  {
    "model": "polls.choice",
    "pk": 34,
    "fields": {
      "created": "2024-08-02T05:35:22.535Z",
      "modified": "2024-08-02T05:35:22.550Z",
      "title": "Iron-Man",
      "description": "",
      "question": 8,
      "votes": 0
    }
  },
  {
    "model": "polls.choice",
    "pk": 35,
    "fields": {
      "created": "2024-08-02T05:35:22.535Z",
      "modified": "2024-08-02T05:35:22.550Z",
      "title": "Captain America",
      "description": "",
      "question": 8,
      "votes": 0
    }
  },
  {
    "model": "polls.choice",
    "pk": 36,
    "fields": {
      "created": "2024-08-02T05:35:22.535Z",
      "modified": "2024-08-02T05:35:22.550Z",
      "title": "Deadpool",
      "description": "",
      "question": 8,
      "votes": 0
    }
  },
  {
    "model": "polls.choice",
    "pk": 37,
    "fields": {
      "created": "2024-08-02T05:35:22.535Z",
      "modified": "2024-08-02T05:35:22.550Z",
      "title": "Thor",
      "description": "",
      "question": 8,
      "votes": 0
    }
  },
  {
    "model": "polls.choice",
    "pk": 38,
    "fields": {
      "created": "2024-08-02T05:35:22.535Z",
      "modified": "2024-08-02T05:35:22.550Z",
      "title": "Loki",
      "description": "",
      "question": 8,
      "votes": 0
    }
  },
  {
    "model": "polls.choice",
    "pk": 39,
    "fields": {
      "created": "2024-08-02T05:35:22.535Z",
      "modified": "2024-08-02T05:35:22.550Z",
      "title": "Hulk",
      "description": "",
      "question": 8,
      "votes": 0
    }
  },
  {
    "model": "polls.choice",
    "pk": 40,
    "fields": {
      "created": "2024-08-02T05:35:22.535Z",
      "modified": "2024-08-02T05:35:22.550Z",
      "title": "Black Panther",
      "description": "",
      "question": 8,
      "votes": 0
    }
  },
  {
    "model": "polls.choice",
    "pk": 41,
    "fields": {
      "created": "2024-08-02T05:35:22.535Z",
      "modified": "2024-08-02T05:35:22.550Z",
      "title": "Black Widow",
      "description": "",
      "question": 8,
      "votes": 0
    }
  },
  {
    "model": "polls.choice",
    "pk": 42,
    "fields": {
      "created": "2024-08-02T05:35:22.535Z",
      "modified": "2024-08-02T05:35:22.550Z",
      "title": "Batman",
      "description": "",
      "question": 8,
      "votes": 0
    }
  },
  {
    "model": "polls.choice",
    "pk": 43,
    "fields": {
      "created": "2024-08-02T05:35:22.535Z",
      "modified": "2024-08-02T05:35:22.550Z",
      "title": "Wonder Woman",
      "description": "",
      "question": 8,
      "votes": 0
    }
  },
  {
    "model": "polls.choice",
    "pk": 44,
    "fields": {
      "created": "2024-08-02T05:35:22.535Z",
      "modified": "2024-08-02T05:35:22.550Z",
      "title": "Superman",
      "description": "",
      "question": 8,
      "votes": 0
    }
  },
  {
    "model": "polls.choice",
    "pk": 45,
    "fields": {
      "created": "2024-08-02T05:35:22.535Z",
      "modified": "2024-08-02T06:06:05.008Z",
      "title": "Aquaman",
      "description": "",
      "question": 8,
      "votes": 10
    }
  },
  {
    "model": "polls.choice",
    "pk": 46,
    "fields": {
      "created": "2024-08-02T05:35:22.535Z",
      "modified": "2024-08-02T05:35:22.550Z",
      "title": "Flash",
      "description": "",
      "question": 8,
      "votes": 0
    }
  },
  {
    "model": "polls.choice",
    "pk": 47,
    "fields": {
      "created": "2024-08-02T05:35:22.535Z",
      "modified": "2024-08-02T05:35:22.550Z",
      "title": "DC",
      "description": "",
      "question": 9,
      "votes": 4
    }
  },
  {
    "model": "polls.choice",
    "pk": 48,
    "fields": {
      "created": "2024-08-02T05:35:22.535Z",
      "modified": "2024-08-02T05:35:22.550Z",
      "title": "Marvel",
      "description": "",
      "question": 9,
      "votes": 7
    }
  },
  {
    "model": "polls.choice",
    "pk": 49,
    "fields": {
      "created": "2024-08-02T05:35:22.535Z",
      "modified": "2024-08-02T05:35:22.550Z",
      "title": "Iron Man",
      "description": "",
      "question": 10,
      "votes": 0
    }
  },
  {
    "model": "polls.choice",
    "pk": 50,
    "fields": {
      "created": "2024-08-02T05:35:22.535Z",
      "modified": "2024-08-02T05:35:22.550Z",
      "title": "Batman",
      "description": "",
      "question": 10,
      "votes": 0
    }
  },
  {
    "model": "polls.choice",
    "pk": 51,
    "fields": {
      "created": "2024-08-02T05:35:22.535Z",
      "modified": "2024-08-02T05:35:22.550Z",
      "title": "Thanos",
      "description": "",
      "question": 11,
      "votes": 0
    }
  },
  {
    "model": "polls.choice",
    "pk": 52,
    "fields": {
      "created": "2024-08-02T05:35:22.535Z",
      "modified": "2024-08-02T05:35:22.550Z",
      "title": "Joker",
      "description": "",
      "question": 11,
      "votes": 0
    }
  },
  {
    "model": "polls.choice",
    "pk": 53,
    "fields": {
      "created": "2024-08-02T05:35:22.535Z",
      "modified": "2024-08-02T05:35:22.550Z",
      "title": "Loki",
      "description": "",
      "question": 11,
      "votes": 0
    }
  },
  {
    "model": "polls.choice",
    "pk": 54,
    "fields": {
      "created": "2024-08-02T05:35:22.535Z",
      "modified": "2024-08-02T05:35:22.550Z",
      "title": "Mokanbo",
      "description": "",
      "question": 11,
      "votes": 0
    }
  },
  {
    "model": "polls.choice",
    "pk": 55,
    "fields": {
      "created": "2024-08-02T05:35:22.535Z",
      "modified": "2024-08-02T05:35:22.550Z",
      "title": "Rock",
      "description": "",
      "question": 12,
      "votes": 0
    }
  },
  {
    "model": "polls.choice",
    "pk": 56,
    "fields": {
      "created": "2024-08-02T05:35:22.535Z",
      "modified": "2024-08-02T05:35:22.550Z",
      "title": "Pop",
      "description": "",
      "question": 12,
      "votes": 0
    }
  },
  {
    "model": "polls.choice",
    "pk": 57,
    "fields": {
      "created": "2024-08-02T05:35:22.535Z",
      "modified": "2024-08-02T05:35:22.550Z",
      "title": "Classic",
      "description": "",
      "question": 12,
      "votes": 0
    }
  },
  {
    "model": "polls.choice",
    "pk": 58,
    "fields": {
      "created": "2024-08-02T05:35:22.535Z",
      "modified": "2024-08-02T05:35:22.550Z",
      "title": "Jazz",
      "description": "",
      "question": 12,
      "votes": 0
    }
  },
  {
    "model": "polls.choice",
    "pk": 59,
    "fields": {
      "created": "2024-08-02T05:35:22.535Z",
      "modified": "2024-08-02T05:35:22.550Z",
      "title": "Indie",
      "description": "",
      "question": 12,
      "votes": 0
    }
  },
  {
    "model": "polls.choice",
    "pk": 60,
    "fields": {
      "created": "2024-08-02T05:35:22.535Z",
      "modified": "2024-08-02T05:35:22.550Z",
      "title": "Instrumental",
      "description": "",
      "question": 12,
      "votes": 0
    }
  },
  {
    "model": "polls.choice",
    "pk": 61,
    "fields": {
      "created": "2024-08-02T05:35:22.535Z",
      "modified": "2024-08-02T05:35:22.550Z",
      "title": "Ronaldo",
      "description": "",
      "question": 13,
      "votes": 0
    }
  },
  {
    "model": "polls.choice",
    "pk": 62,
    "fields": {
      "created": "2024-08-02T05:35:22.535Z",
      "modified": "2024-08-02T05:35:22.550Z",
      "title": "Messi",
      "description": "",
      "question": 13,
      "votes": 0
    }
  },
  {
    "model": "polls.choice",
    "pk": 63,
    "fields": {
      "created": "2024-08-02T05:35:22.535Z",
      "modified": "2024-08-02T05:35:22.550Z",
      "title": "Mobile Gamer",
      "description": "",
      "question": 14,
      "votes": 0
    }
  },
  {
    "model": "polls.choice",
    "pk": 64,
    "fields": {
      "created": "2024-08-02T05:35:22.535Z",
      "modified": "2024-08-02T05:35:22.550Z",
      "title": "PC Gamer",
      "description": "",
      "question": 14,
      "votes": 0
    }
  },
  {
    "model": "polls.choice",
    "pk": 65,
    "fields": {
      "created": "2024-08-02T05:35:22.535Z",
      "modified": "2024-08-02T05:35:22.550Z",
      "title": "Read Dead Redemption",
      "description": "",
      "question": 15,
      "votes": 0
    }
  },
  {
    "model": "polls.choice",
    "pk": 66,
    "fields": {
      "created": "2024-08-02T05:35:22.535Z",
      "modified": "2024-08-02T05:35:22.550Z",
      "title": "God of War",
      "description": "",
      "question": 15,
      "votes": 0
    }
  },
  {
    "model": "polls.choice",
    "pk": 67,
    "fields": {
      "created": "2024-08-02T05:35:22.535Z",
      "modified": "2024-08-02T05:35:22.550Z",
      "title": "Grand Theft Auto",
      "description": "",
      "question": 15,
      "votes": 0
    }
  },
  {
    "model": "polls.choice",
    "pk": 68,
    "fields": {
      "created": "2024-08-02T05:35:22.535Z",
      "modified": "2024-08-02T05:35:22.550Z",
      "title": "Player Unknown Battleground",
      "description": "",
      "question": 15,
      "votes": 0
    }
  },
  {
    "model": "polls.choice",
    "pk": 69,
    "fields": {
      "created": "2024-08-02T05:35:22.535Z",
      "modified": "2024-08-02T05:35:22.550Z",
      "title": "Call of Duty",
      "description": "",
      "question": 15,
      "votes": 0
    }
  },
  {
    "model": "polls.choice",
    "pk": 70,
    "fields": {
      "created": "2024-08-02T05:35:22.535Z",
      "modified": "2024-08-02T05:35:22.550Z",
      "title": "Counter Strike",
      "description": "",
      "question": 15,
      "votes": 0
    }
  },
  {
    "model": "polls.choice",
    "pk": 71,
    "fields": {
      "created": "2024-08-02T05:35:22.535Z",
      "modified": "2024-08-02T05:35:22.550Z",
      "title": "Physics Chemistry Maths",
      "description": "",
      "question": 16,
      "votes": 1
    }
  },
  {
    "model": "polls.choice",
    "pk": 72,
    "fields": {
      "created": "2024-08-02T05:35:22.535Z",
      "modified": "2024-08-02T05:35:22.550Z",
      "title": "Physics Chemistry Biology",
      "description": "",
      "question": 16,
      "votes": 1
    }
  },
  {
    "model": "polls.choice",
    "pk": 73,
    "fields": {
      "created": "2024-08-02T05:35:22.535Z",
      "modified": "2024-08-02T05:35:22.550Z",
      "title": "Humanity",
      "description": "",
      "question": 16,
      "votes": 2
    }
  },
  {
    "model": "polls.choice",
    "pk": 74,
    "fields": {
      "created": "2024-08-02T05:35:22.535Z",
      "modified": "2024-08-02T05:35:22.550Z",
      "title": "Commerce",
      "description": "",
      "question": 16,
      "votes": 1
    }
  },
  {
    "model": "polls.choice",
    "pk": 75,
    "fields": {
      "created": "2024-08-02T05:35:22.535Z",
      "modified": "2024-08-02T05:35:22.550Z",
      "title": "Cat",
      "description": "",
      "question": 17,
      "votes": 22
    }
  },
  {
    "model": "polls.choice",
    "pk": 76,
    "fields": {
      "created": "2024-08-02T05:35:22.535Z",
      "modified": "2024-08-02T05:35:22.550Z",
      "title": "Dog",
      "description": "",
      "question": 17,
      "votes": 56
    }
  },
  {
    "model": "polls.choice",
    "pk": 77,
    "fields": {
      "created": "2024-08-02T05:35:22.535Z",
      "modified": "2024-08-02T05:35:22.550Z",
      "title": "Cake",
      "description": "",
      "question": 18,
      "votes": 1
    }
  },
  {
    "model": "polls.choice",
    "pk": 78,
    "fields": {
      "created": "2024-08-02T05:35:22.535Z",
      "modified": "2024-08-02T05:35:22.550Z",
      "title": "Ice Cream",
      "description": "",
      "question": 18,
      "votes": 2
    }
  },
  {
    "model": "polls.choice",
    "pk": 79,
    "fields": {
      "created": "2024-08-02T05:35:22.535Z",
      "modified": "2024-08-02T05:35:22.550Z",
      "title": "Waffles",
      "description": "",
      "question": 18,
      "votes": 1
    }
  },
  {
    "model": "polls.choice",
    "pk": 80,
    "fields": {
      "created": "2024-08-02T05:35:22.535Z",
      "modified": "2024-08-02T05:35:22.550Z",
      "title": "Cold Drinks & Juices",
      "description": "",
      "question": 18,
      "votes": 2
    }
  },
  {
    "model": "polls.choice",
    "pk": 81,
    "fields": {
      "created": "2024-08-02T05:35:22.535Z",
      "modified": "2024-08-02T05:35:22.550Z",
      "title": "Chocolates",
      "description": "",
      "question": 18,
      "votes": 13
    }
  },
  {
    "model": "polls.choice",
    "pk": 82,
    "fields": {
      "created": "2024-08-02T05:35:22.535Z",
      "modified": "2024-08-02T05:35:22.550Z",
      "title": "Hot Drinks",
      "description": "",
      "question": 18,
      "votes": 9
    }
  },
  {
    "model": "polls.choice",
    "pk": 83,
    "fields": {
      "created": "2024-08-02T05:35:22.535Z",
      "modified": "2024-08-02T05:35:22.550Z",
      "title": "Restaurents",
      "description": "",
      "question": 19,
      "votes": 0
    }
  },
  {
    "model": "polls.choice",
    "pk": 84,
    "fields": {
      "created": "2024-08-02T05:35:22.535Z",
      "modified": "2024-08-02T05:35:22.550Z",
      "title": "Street Food",
      "description": "",
      "question": 19,
      "votes": 0
    }
  },
  {
    "model": "polls.choice",
    "pk": 85,
    "fields": {
      "created": "2024-08-02T05:35:22.535Z",
      "modified": "2024-08-02T05:35:22.550Z",
      "title": "Batman",
      "description": "",
      "question": 20,
      "votes": 3
    }
  },
  {
    "model": "polls.choice",
    "pk": 86,
    "fields": {
      "created": "2024-08-02T05:35:22.535Z",
      "modified": "2024-08-02T05:35:22.550Z",
      "title": "Ironman",
      "description": "",
      "question": 20,
      "votes": 5
    }
  },
  {
    "model": "polls.choice",
    "pk": 87,
    "fields": {
      "created": "2024-08-02T05:35:22.535Z",
      "modified": "2024-08-02T05:35:22.550Z",
      "title": "Hi",
      "description": "",
      "question": 21,
      "votes": 14
    }
  },
  {
    "model": "polls.choice",
    "pk": 88,
    "fields": {
      "created": "2024-08-02T05:35:22.535Z",
      "modified": "2024-08-02T05:35:22.550Z",
      "title": "Bye",
      "description": "",
      "question": 21,
      "votes": 19
    }
  },
  {
    "model": "polls.choice",
    "pk": 91,
    "fields": {
      "created": "2024-08-02T05:35:22.535Z",
      "modified": "2024-08-02T05:35:22.550Z",
      "title": "Hollywood",
      "description": "",
      "question": 23,
      "votes": 0
    }
  },
  {
    "model": "polls.choice",
    "pk": 92,
    "fields": {
      "created": "2024-08-02T05:35:22.535Z",
      "modified": "2024-08-02T05:35:22.550Z",
      "title": "Bollywood",
      "description": "",
      "question": 23,
      "votes": 0
    }
  },
  {
    "model": "polls.choice",
    "pk": 93,
    "fields": {
      "created": "2024-08-02T05:35:22.535Z",
      "modified": "2024-08-02T05:35:22.550Z",
      "title": "Tollywood",
      "description": "",
      "question": 23,
      "votes": 14
    }
  },
  {
    "model": "polls.choice",
    "pk": 94,
    "fields": {
      "created": "2024-08-02T05:35:22.535Z",
      "modified": "2024-08-02T05:35:22.550Z",
      "title": "Fine ",
      "description": null,
      "question": 24,
      "votes": 5
    }
  },
  {
    "model": "polls.choice",
    "pk": 95,
    "fields": {
      "created": "2024-08-02T05:35:22.535Z",
      "modified": "2024-08-02T05:35:22.550Z",
      "title": "Mast",
      "description": null,
      "question": 24,
      "votes": 3
    }
  },
  {
    "model": "polls.choice",
    "pk": 96,
    "fields": {
      "created": "2024-08-02T05:35:22.535Z",
      "modified": "2024-08-02T05:35:22.550Z",
      "title": "Badiya",
      "description": null,
      "question": 25,
      "votes": 7
    }
  },
  {
    "model": "polls.choice",
    "pk": 97,
    "fields": {
      "created": "2024-08-02T05:35:22.535Z",
      "modified": "2024-08-02T05:35:22.550Z",
      "title": "Jhakkas",
      "description": null,
      "question": 25,
      "votes": 14
    }
  },
  {
    "model": "polls.choice",
    "pk": 98,
    "fields": {
      "created": "2024-08-02T05:35:22.535Z",
      "modified": "2024-08-02T05:35:22.550Z",
      "title": "Fine",
      "description": null,
      "question": 25,
      "votes": 13
    }
  },
  {
    "model": "polls.choice",
    "pk": 99,
    "fields": {
      "created": "2024-08-02T05:35:22.535Z",
      "modified": "2024-08-02T05:35:22.550Z",
      "title": "Moj Masti",
      "description": null,
      "question": 25,
      "votes": 23
    }
  },
  {
    "model": "polls.choice",
    "pk": 100,
    "fields": {
      "created": "2024-08-02T08:18:29.807Z",
      "modified": "2024-08-02T08:18:29.807Z",
      "title": "Luffy",
      "description": null,
      "question": 26,
      "votes": 1
    }
  },
  {
    "model": "polls.choice",
    "pk": 101,
    "fields": {
      "created": "2024-08-02T08:18:29.814Z",
      "modified": "2024-08-02T08:18:29.814Z",
      "title": "Goku",
      "description": null,
      "question": 26,
      "votes": 2
    }
  },
  {
    "model": "polls.choice",
    "pk": 102,
    "fields": {
      "created": "2024-08-02T08:18:29.819Z",
      "modified": "2024-08-02T08:18:29.819Z",
      "title": "Saitama",
      "description": null,
      "question": 26,
      "votes": 3
    }
  },
  {
    "model": "polls.choice",
    "pk": 103,
    "fields": {
      "created": "2024-08-02T12:23:20.091Z",
      "modified": "2024-08-02T12:23:20.091Z",
      "title": "Ice Cream",
      "description": null,
      "question": 27,
      "votes": 9
    }
  },
  {
    "model": "polls.choice",
    "pk": 104,
    "fields": {
      "created": "2024-08-02T12:23:20.098Z",
      "modified": "2024-08-02T12:23:20.098Z",
      "title": "cold coffee",
      "description": null,
      "question": 27,
      "votes": 6
    }
  }
]
